ville,lien,Population,Densité de population,Nombre de ménages,Habitants par ménage,Nombre de familles,Naissances,Décès,Solde naturel,Hommes,Femmes,Moins de 15 ans,15 - 29 ans,30 - 44 ans,45 - 59 ans,60 - 74 ans,75 ans et plus,Familles monoparentales,Couples sans enfant,Couples avec enfant,Familles sans enfant,Familles avec un enfant,Familles avec deux enfants,Familles avec trois enfants,Familles avec quatre enfants ou plus,Personnes célibataires,Personnes mariées,Personnes divorcées,Personnes veuves,Personnes en concubinage,Personnes pacsées,Population étrangère,Hommes étrangers,Femmes étrangères,Moins de 15 ans étrangers,15-24 ans étrangers,25-54 ans étrangers,55 ans et plus étrangers,Population immigrée,Hommes immigrés,Femmes immigrées,Moins de 15 ans immigrés,15-24 ans immigrés,25-54 ans immigrés,55 ans et plus immigrés,Nombre d'habitants (2006),Nombre d'habitants (2007),Nombre d'habitants (2008),Nombre d'habitants (2009),Nombre d'habitants (2010),Nombre d'habitants (2011),Nombre d'habitants (2012),Nombre d'habitants (2013),Nombre d'habitants (2014),Nombre d'habitants (2015),Nombre d'habitants (2016),Nombre d'habitants (2017),Nombre d'habitants (2018),Nombre de naissances (1999),Nombre de naissances (2000),Nombre de naissances (2001),Nombre de naissances (2002),Nombre de naissances (2003),Nombre de naissances (2004),Nombre de naissances (2005),Nombre de naissances (2006),Nombre de naissances (2007),Nombre de naissances (2008),Nombre de naissances (2009),Nombre de naissances (2010),Nombre de naissances (2011),Nombre de naissances (2012),Nombre de naissances (2013),Nombre de naissances (2014),Nombre de naissances (2015),Nombre de naissances (2016),Nombre de naissances (2017),Nombre de naissances (2018),Nombre de décès (1999),Nombre de décès (2000),Nombre de décès (2001),Nombre de décès (2002),Nombre de décès (2003),Nombre de décès (2004),Nombre de décès (2005),Nombre de décès (2006),Nombre de décès (2007),Nombre de décès (2008),Nombre de décès (2009),Nombre de décès (2010),Nombre de décès (2011),Nombre de décès (2012),Nombre de décès (2013),Nombre de décès (2014),Nombre de décès (2015),Nombre de décès (2016),Nombre de décès (2017),Nombre de décès (2018),Nombre d'étrangers (2006),Nombre d'étrangers (2007),Nombre d'étrangers (2008),Nombre d'étrangers (2009),Nombre d'étrangers (2010),Nombre d'étrangers (2011),Nombre d'étrangers (2012),Nombre d'étrangers (2013),Nombre d'étrangers (2014),Nombre d'étrangers (2015),Nombre d'étrangers (2016),Nombre d'étrangers (2017),Nombre d'immigrés (2006),Nombre d'immigrés (2007),Nombre d'immigrés (2008),Nombre d'immigrés (2009),Nombre d'immigrés (2010),Nombre d'immigrés (2011),Nombre d'immigrés (2012),Nombre d'immigrés (2013),Nombre d'immigrés (2014),Nombre d'immigrés (2015),Nombre d'immigrés (2016),Nombre d'immigrés (2017)
Anse-Bertrand (97121),/management/ville/anse-bertrand/ville-97102,4136.0,66.0,1920.0,2.2,1205.0,28.0,39.0,-11.0,2013.0,2262.0,630.0,635.0,568.0,1113.0,862.0,399.0,335.0,440.0,430.0,535.0,330.0,225.0,90.0,25.0,1394.0,1608.0,170.0,260.0,202.0,11.0,41.0,13.0,28.0,6.0,2.0,22.0,11.0,44.0,15.0,29.0,1.0,3.0,26.0,14.0,4751.0,4712.0,4676.0,4640.0,4775.0,4910.0,5045.0,5114.0,5185.0,4881.0,4578.0,4275.0,4136.0,75.0,73.0,77.0,67.0,56.0,65.0,54.0,55.0,54.0,59.0,41.0,42.0,48.0,38.0,30.0,34.0,28.0,34.0,39.0,43.0,44.0,47.0,34.0,47.0,37.0,38.0,33.0,47.0,36.0,30.0,41.0,46.0,41.0,44.0,51.0,52.0,39.0,45.0,45.0,46.0,32.0,32.0,32.0,32.0,44.0,45.0,45.0,45.0,45.0,46.0,42.0,41.0,28.0,28.0,28.0,28.0,43.0,46.0,46.0,46.0,46.0,50.0,46.0,44.0
Baie-Mahault (97122),/management/ville/baie-mahault/ville-97103,31193.0,678.0,12810.0,2.4,8656.0,354.0,147.0,207.0,14083.0,16846.0,6444.0,5887.0,6305.0,6796.0,4126.0,1263.0,3676.0,2042.0,2938.0,2996.0,2998.0,1924.0,556.0,182.0,11258.0,7988.0,1764.0,806.0,2252.0,416.0,,,,,,,,,,,,,,,27906.0,28379.0,29503.0,29241.0,30251.0,30201.0,29976.0,30015.0,30547.0,31209.0,30868.0,30929.0,31193.0,404.0,396.0,421.0,417.0,394.0,429.0,442.0,460.0,488.0,462.0,442.0,440.0,431.0,423.0,421.0,394.0,394.0,393.0,309.0,362.0,99.0,92.0,106.0,105.0,98.0,111.0,123.0,112.0,106.0,115.0,106.0,118.0,118.0,116.0,113.0,150.0,131.0,115.0,152.0,136.0,,,,,,,,,,,,,,,,,,,,,,,,
Deshaies (97126),/management/ville/deshaies/ville-97111,4033.0,130.0,1807.0,2.3,1179.0,33.0,37.0,-4.0,2009.0,2072.0,551.0,603.0,544.0,1111.0,861.0,351.0,395.0,395.0,390.0,612.0,293.0,202.0,46.0,25.0,1411.0,1330.0,211.0,220.0,308.0,50.0,92.0,45.0,47.0,15.0,4.0,36.0,37.0,117.0,56.0,61.0,9.0,4.0,48.0,56.0,4287.0,4322.0,4357.0,4394.0,4431.0,4356.0,4271.0,4185.0,4149.0,4114.0,4128.0,4081.0,4033.0,67.0,90.0,65.0,56.0,56.0,72.0,61.0,51.0,55.0,35.0,50.0,39.0,49.0,50.0,30.0,43.0,30.0,30.0,17.0,26.0,19.0,31.0,19.0,28.0,40.0,30.0,34.0,29.0,29.0,38.0,36.0,34.0,36.0,31.0,38.0,36.0,34.0,37.0,37.0,46.0,48.0,48.0,48.0,48.0,48.0,42.0,41.0,41.0,41.0,41.0,94.0,92.0,65.0,65.0,65.0,65.0,65.0,59.0,58.0,58.0,58.0,58.0,119.0,117.0
Goyave (97128),/management/ville/goyave/ville-97114,7588.0,127.0,3257.0,2.3,2245.0,82.0,38.0,44.0,3376.0,4179.0,1634.0,1307.0,1312.0,1795.0,1086.0,385.0,947.0,590.0,709.0,813.0,744.0,481.0,164.0,45.0,2769.0,1823.0,414.0,223.0,584.0,108.0,456.0,188.0,268.0,102.0,27.0,218.0,109.0,463.0,198.0,265.0,18.0,24.0,279.0,142.0,7575.0,7661.0,7745.0,7829.0,8065.0,8309.0,8079.0,7845.0,7612.0,7569.0,7526.0,7555.0,7588.0,79.0,104.0,91.0,102.0,125.0,127.0,126.0,145.0,153.0,146.0,104.0,119.0,128.0,108.0,122.0,87.0,91.0,103.0,74.0,88.0,23.0,28.0,28.0,26.0,29.0,24.0,41.0,42.0,38.0,25.0,34.0,46.0,32.0,44.0,33.0,37.0,57.0,30.0,43.0,26.0,393.0,384.0,388.0,392.0,404.0,416.0,386.0,377.0,365.0,364.0,361.0,456.0,267.0,367.0,371.0,374.0,384.0,398.0,348.0,336.0,328.0,327.0,325.0,463.0
Basse-Terre (97100),/management/ville/basse-terre/ville-97105,10046.0,1738.0,4732.0,2.1,2607.0,94.0,118.0,-24.0,4501.0,5557.0,1846.0,1770.0,1546.0,2228.0,1664.0,799.0,1491.0,555.0,561.0,1029.0,813.0,512.0,174.0,78.0,4843.0,1717.0,418.0,469.0,739.0,25.0,743.0,335.0,408.0,240.0,58.0,354.0,91.0,668.0,256.0,412.0,20.0,59.0,402.0,187.0,12834.0,12451.0,12173.0,11894.0,11915.0,11730.0,11534.0,11150.0,10787.0,10443.0,10226.0,10058.0,10046.0,202.0,233.0,188.0,196.0,205.0,232.0,216.0,207.0,185.0,157.0,162.0,139.0,165.0,136.0,145.0,122.0,122.0,118.0,110.0,113.0,103.0,113.0,121.0,91.0,88.0,116.0,95.0,92.0,95.0,83.0,87.0,113.0,105.0,115.0,91.0,122.0,102.0,115.0,106.0,89.0,749.0,799.0,810.0,900.0,945.0,946.0,927.0,815.0,723.0,739.0,714.0,743.0,722.0,788.0,737.0,773.0,779.0,779.0,758.0,677.0,634.0,651.0,653.0,668.0
Capesterre-de-Marie-Galante (97140),/management/ville/capesterre-de-marie-galante/ville-97108,3293.0,71.0,1531.0,2.2,828.0,31.0,44.0,-13.0,1641.0,1660.0,476.0,478.0,472.0,835.0,634.0,352.0,279.0,304.0,244.0,454.0,160.0,120.0,55.0,40.0,1312.0,917.0,122.0,241.0,213.0,19.0,153.0,86.0,67.0,36.0,13.0,77.0,27.0,141.0,73.0,68.0,4.0,14.0,84.0,39.0,3469.0,3455.0,3442.0,3409.0,3381.0,3352.0,3330.0,3309.0,3310.0,3310.0,3310.0,3301.0,3293.0,58.0,67.0,52.0,41.0,47.0,45.0,38.0,44.0,43.0,38.0,28.0,22.0,36.0,27.0,31.0,20.0,20.0,11.0,19.0,6.0,47.0,38.0,34.0,37.0,35.0,33.0,39.0,33.0,41.0,31.0,24.0,27.0,32.0,29.0,39.0,37.0,48.0,34.0,34.0,46.0,88.0,88.0,88.0,119.0,118.0,118.0,118.0,118.0,153.0,153.0,153.0,153.0,84.0,84.0,84.0,107.0,105.0,105.0,105.0,104.0,141.0,141.0,141.0,141.0
Capesterre-Belle-Eau (97130),/management/ville/capesterre-belle-eau/ville-97107,18131.0,176.0,8022.0,2.3,5113.0,214.0,184.0,30.0,8626.0,9644.0,3326.0,2944.0,2683.0,4325.0,3355.0,1439.0,2135.0,1386.0,1592.0,2253.0,1364.0,987.0,372.0,138.0,7133.0,4587.0,805.0,885.0,1433.0,101.0,,,,,,,,,,,,,,,19610.0,19520.0,19339.0,19104.0,19321.0,19448.0,19407.0,19201.0,19107.0,18980.0,18923.0,18270.0,18131.0,333.0,369.0,356.0,310.0,349.0,340.0,346.0,334.0,283.0,262.0,250.0,268.0,253.0,223.0,207.0,225.0,255.0,219.0,195.0,195.0,156.0,159.0,89.0,160.0,141.0,145.0,143.0,139.0,141.0,161.0,186.0,182.0,157.0,140.0,173.0,177.0,133.0,181.0,167.0,177.0,,,,,,,,,,,,,,,,,,,,,,,,
Le Gosier (97190),/management/ville/le-gosier/ville-97113,26692.0,591.0,12169.0,2.2,7413.0,359.0,229.0,130.0,12553.0,14230.0,4850.0,4125.0,5115.0,6100.0,4690.0,1696.0,2483.0,2325.0,2605.0,3288.0,2146.0,1320.0,481.0,178.0,8936.0,7605.0,1396.0,961.0,2569.0,465.0,,,,,,,,,,,,,,,27370.0,27193.0,26895.0,26550.0,26311.0,26739.0,26613.0,26900.0,27590.0,27057.0,26666.0,26783.0,26692.0,430.0,470.0,503.0,397.0,466.0,489.0,517.0,465.0,506.0,453.0,450.0,423.0,448.0,463.0,411.0,453.0,386.0,381.0,365.0,324.0,138.0,152.0,129.0,165.0,89.0,149.0,136.0,179.0,178.0,168.0,189.0,178.0,172.0,161.0,206.0,209.0,185.0,197.0,188.0,203.0,,,,,,,,,,,,,,,,,,,,,,,,
Baillif (97123),/management/ville/baillif/ville-97104,5404.0,222.0,2543.0,2.2,1638.0,46.0,52.0,-6.0,2518.0,3087.0,941.0,750.0,784.0,1254.0,1171.0,612.0,722.0,517.0,399.0,883.0,339.0,291.0,97.0,27.0,2173.0,1518.0,250.0,274.0,412.0,38.0,225.0,99.0,126.0,41.0,16.0,97.0,71.0,255.0,104.0,151.0,9.0,18.0,141.0,87.0,6086.0,5836.0,5586.0,5337.0,5214.0,5094.0,5287.0,5479.0,5670.0,5739.0,5809.0,5605.0,5404.0,92.0,97.0,107.0,87.0,104.0,97.0,101.0,93.0,88.0,84.0,61.0,73.0,62.0,67.0,52.0,67.0,52.0,66.0,35.0,56.0,41.0,47.0,45.0,41.0,38.0,42.0,47.0,45.0,31.0,50.0,39.0,51.0,35.0,42.0,41.0,60.0,51.0,49.0,55.0,55.0,318.0,243.0,233.0,223.0,217.0,214.0,275.0,288.0,296.0,298.0,303.0,225.0,252.0,240.0,231.0,221.0,217.0,211.0,232.0,240.0,248.0,250.0,254.0,255.0
Gourbeyre (97113),/management/ville/gourbeyre/ville-97109,7778.0,345.0,3332.0,2.3,2130.0,70.0,65.0,5.0,3527.0,4268.0,1436.0,1243.0,1261.0,1831.0,1334.0,596.0,913.0,529.0,688.0,873.0,688.0,414.0,120.0,35.0,3098.0,1909.0,346.0,361.0,586.0,60.0,230.0,105.0,125.0,65.0,13.0,101.0,51.0,253.0,103.0,150.0,6.0,14.0,141.0,92.0,8033.0,8088.0,8143.0,8043.0,7949.0,7855.0,7820.0,7786.0,7803.0,7808.0,7813.0,7795.0,7778.0,134.0,121.0,141.0,128.0,122.0,113.0,111.0,113.0,103.0,91.0,82.0,93.0,105.0,101.0,91.0,80.0,91.0,100.0,83.0,69.0,56.0,53.0,49.0,65.0,48.0,53.0,68.0,62.0,52.0,70.0,60.0,68.0,53.0,64.0,63.0,61.0,65.0,77.0,58.0,77.0,239.0,240.0,242.0,188.0,187.0,185.0,185.0,184.0,230.0,230.0,230.0,230.0,282.0,284.0,286.0,223.0,220.0,218.0,218.0,217.0,253.0,253.0,253.0,253.0
La Désirade (97127),/management/ville/la-desirade/ville-97110,1432.0,68.0,683.0,2.1,415.0,15.0,17.0,-2.0,736.0,712.0,203.0,196.0,212.0,370.0,307.0,151.0,121.0,157.0,137.0,228.0,121.0,46.0,15.0,5.0,442.0,455.0,69.0,118.0,160.0,1.0,19.0,10.0,9.0,2.0,4.0,10.0,3.0,25.0,14.0,11.0,1.0,4.0,13.0,7.0,1595.0,1591.0,1587.0,1583.0,1579.0,1554.0,1532.0,1510.0,1496.0,1481.0,1465.0,1448.0,1432.0,23.0,27.0,26.0,21.0,8.0,18.0,20.0,16.0,12.0,17.0,15.0,20.0,10.0,10.0,18.0,13.0,14.0,18.0,17.0,13.0,16.0,11.0,10.0,21.0,15.0,11.0,12.0,12.0,18.0,13.0,21.0,13.0,17.0,11.0,22.0,14.0,15.0,18.0,15.0,16.0,23.0,23.0,23.0,23.0,23.0,23.0,23.0,23.0,23.0,23.0,19.0,19.0,22.0,22.0,22.0,22.0,22.0,23.0,23.0,23.0,23.0,23.0,25.0,25.0
Pointe-à-Pitre (97110),/management/ville/pointe-a-pitre/ville-97120,15410.0,5793.0,8132.0,2.0,3789.0,213.0,142.0,71.0,6880.0,9043.0,3092.0,3487.0,2645.0,3065.0,2296.0,1119.0,2398.0,671.0,720.0,1242.0,1256.0,827.0,338.0,125.0,8162.0,2239.0,849.0,645.0,903.0,33.0,,,,,,,,,,,,,,,17541.0,17408.0,17216.0,17017.0,16427.0,16063.0,15598.0,15826.0,16261.0,16343.0,16035.0,15923.0,15410.0,437.0,402.0,336.0,354.0,294.0,321.0,346.0,341.0,294.0,283.0,292.0,255.0,250.0,242.0,230.0,244.0,248.0,257.0,189.0,217.0,179.0,158.0,193.0,164.0,168.0,153.0,186.0,167.0,173.0,159.0,183.0,170.0,182.0,170.0,144.0,184.0,136.0,161.0,172.0,159.0,,,,,,,,,,,,,,,,,,,,,,,,
Grand-Bourg (97112),/management/ville/grand-bourg/ville-97112,4941.0,89.0,2360.0,2.1,1380.0,47.0,68.0,-21.0,2280.0,2732.0,946.0,628.0,727.0,1232.0,919.0,474.0,611.0,414.0,355.0,591.0,384.0,261.0,103.0,39.0,1751.0,1327.0,190.0,388.0,389.0,21.0,270.0,104.0,166.0,72.0,13.0,133.0,52.0,260.0,86.0,174.0,12.0,12.0,161.0,75.0,5707.0,5674.0,5642.0,5590.0,5530.0,5470.0,5423.0,5376.0,5273.0,5179.0,5085.0,5012.0,4941.0,87.0,87.0,97.0,85.0,70.0,84.0,84.0,80.0,78.0,75.0,75.0,68.0,63.0,53.0,48.0,63.0,55.0,44.0,53.0,60.0,65.0,54.0,56.0,51.0,113.0,82.0,58.0,49.0,39.0,63.0,66.0,56.0,57.0,47.0,68.0,64.0,52.0,64.0,58.0,58.0,238.0,237.0,236.0,234.0,229.0,228.0,227.0,224.0,284.0,280.0,274.0,270.0,228.0,227.0,226.0,235.0,231.0,230.0,229.0,226.0,273.0,268.0,264.0,260.0
Les Abymes (97139),/management/ville/les-abymes/ville-97101,53082.0,653.0,24120.0,2.2,14603.0,824.0,510.0,314.0,23311.0,30180.0,10484.0,9960.0,9151.0,11459.0,8047.0,3794.0,7366.0,3226.0,4011.0,5630.0,4677.0,2804.0,1083.0,410.0,22888.0,11634.0,2370.0,2182.0,3632.0,300.0,4037.0,1513.0,2524.0,1133.0,252.0,1870.0,782.0,3797.0,1287.0,2510.0,136.0,304.0,2213.0,1144.0,60053.0,59404.0,59270.0,58836.0,58534.0,59311.0,58606.0,57960.0,56001.0,55306.0,54260.0,53491.0,53082.0,1066.0,1052.0,1057.0,970.0,950.0,1013.0,1084.0,997.0,975.0,941.0,904.0,874.0,837.0,854.0,845.0,798.0,733.0,717.0,713.0,689.0,344.0,343.0,366.0,339.0,357.0,352.0,381.0,382.0,395.0,376.0,402.0,425.0,386.0,397.0,393.0,448.0,408.0,450.0,413.0,465.0,3384.0,3343.0,3280.0,3497.0,3361.0,3738.0,3833.0,3877.0,3697.0,3989.0,3998.0,4037.0,3159.0,3410.0,3383.0,3572.0,3477.0,3635.0,3513.0,3514.0,3401.0,3637.0,3666.0,3797.0
Lamentin (97129),/management/ville/lamentin/ville-97115,16536.0,252.0,6948.0,2.4,4812.0,245.0,126.0,119.0,7400.0,9173.0,3465.0,2966.0,3037.0,3788.0,2289.0,897.0,1961.0,1210.0,1640.0,1776.0,1569.0,1019.0,308.0,139.0,5678.0,4440.0,731.0,631.0,1476.0,151.0,531.0,241.0,290.0,128.0,40.0,241.0,122.0,618.0,270.0,348.0,5.0,57.0,355.0,201.0,15738.0,15785.0,15831.0,15866.0,15913.0,15486.0,15624.0,15897.0,15958.0,16139.0,16687.0,16573.0,16536.0,274.0,390.0,386.0,311.0,164.0,245.0,192.0,153.0,133.0,141.0,141.0,195.0,214.0,190.0,219.0,228.0,208.0,206.0,184.0,203.0,82.0,97.0,86.0,87.0,81.0,100.0,103.0,76.0,98.0,93.0,87.0,106.0,91.0,101.0,115.0,121.0,128.0,112.0,118.0,113.0,454.0,465.0,443.0,471.0,539.0,521.0,527.0,541.0,562.0,569.0,565.0,531.0,453.0,482.0,474.0,473.0,518.0,511.0,524.0,548.0,590.0,624.0,631.0,618.0
Petit-Canal (97131),/management/ville/petit-canal/ville-97119,8212.0,116.0,3321.0,2.5,2214.0,79.0,66.0,13.0,3980.0,4240.0,1550.0,1403.0,1497.0,1936.0,1296.0,474.0,760.0,488.0,966.0,800.0,649.0,513.0,201.0,50.0,2840.0,2476.0,400.0,337.0,578.0,39.0,245.0,117.0,128.0,65.0,26.0,132.0,22.0,259.0,119.0,140.0,17.0,32.0,168.0,42.0,8180.0,8243.0,8177.0,8107.0,8038.0,8022.0,8005.0,8057.0,8112.0,8167.0,8194.0,8220.0,8212.0,136.0,142.0,117.0,131.0,115.0,113.0,132.0,108.0,106.0,102.0,105.0,83.0,109.0,74.0,77.0,86.0,76.0,96.0,55.0,58.0,49.0,34.0,55.0,53.0,55.0,59.0,56.0,54.0,47.0,53.0,58.0,58.0,51.0,50.0,64.0,71.0,45.0,59.0,60.0,61.0,184.0,185.0,186.0,184.0,183.0,183.0,183.0,243.0,244.0,245.0,245.0,245.0,194.0,195.0,176.0,175.0,174.0,174.0,174.0,256.0,257.0,258.0,258.0,259.0
Le Moule (97160),/management/ville/le-moule/ville-97117,22315.0,269.0,9483.0,2.3,6118.0,247.0,212.0,35.0,10356.0,11794.0,4358.0,3292.0,3711.0,5292.0,3721.0,1527.0,2306.0,1620.0,2192.0,2463.0,1764.0,1349.0,372.0,170.0,7515.0,6144.0,1280.0,1044.0,1676.0,134.0,,,,,,,,952.0,355.0,597.0,45.0,90.0,585.0,232.0,21027.0,21318.0,21347.0,21777.0,22381.0,22533.0,22689.0,22456.0,22101.0,22329.0,22435.0,22150.0,22315.0,318.0,344.0,349.0,301.0,328.0,333.0,297.0,316.0,307.0,308.0,285.0,291.0,252.0,266.0,278.0,284.0,249.0,253.0,240.0,241.0,126.0,132.0,154.0,164.0,151.0,139.0,165.0,162.0,144.0,178.0,165.0,190.0,186.0,186.0,177.0,202.0,171.0,191.0,216.0,216.0,,,,,,,,,,,,,600.0,660.0,633.0,702.0,669.0,698.0,708.0,742.0,765.0,918.0,939.0,952.0
Morne-à-l'Eau (97111),/management/ville/morne-a-l-eau/ville-97116,16875.0,262.0,7539.0,2.3,5014.0,162.0,158.0,4.0,7964.0,9470.0,3244.0,2827.0,2660.0,4050.0,3030.0,1374.0,2136.0,1329.0,1548.0,2147.0,1328.0,1088.0,352.0,99.0,6307.0,4880.0,1066.0,869.0,960.0,108.0,573.0,209.0,364.0,157.0,30.0,294.0,92.0,532.0,179.0,353.0,15.0,41.0,344.0,132.0,16703.0,16875.0,17043.0,17057.0,16725.0,16767.0,16959.0,17046.0,17225.0,17407.0,17288.0,17434.0,16875.0,242.0,255.0,285.0,249.0,248.0,225.0,247.0,220.0,253.0,216.0,191.0,203.0,215.0,210.0,185.0,202.0,190.0,200.0,154.0,181.0,123.0,133.0,128.0,147.0,120.0,103.0,153.0,131.0,132.0,119.0,127.0,138.0,145.0,133.0,124.0,125.0,129.0,168.0,147.0,140.0,377.0,400.0,438.0,403.0,384.0,439.0,469.0,490.0,509.0,553.0,568.0,573.0,376.0,401.0,435.0,417.0,372.0,384.0,391.0,387.0,414.0,466.0,510.0,532.0
Saint-François (97118),/management/ville/saint-francois/ville-97125,12348.0,202.0,5393.0,2.4,3629.0,179.0,116.0,63.0,6042.0,6774.0,2589.0,1991.0,2398.0,3048.0,2084.0,665.0,1215.0,1051.0,1363.0,1509.0,956.0,810.0,245.0,109.0,3993.0,3690.0,757.0,418.0,1153.0,215.0,780.0,353.0,427.0,277.0,65.0,348.0,90.0,675.0,245.0,430.0,27.0,60.0,424.0,164.0,13424.0,13886.0,14149.0,14369.0,14797.0,14953.0,14797.0,14780.0,14434.0,13841.0,13095.0,12816.0,12348.0,214.0,215.0,209.0,233.0,224.0,237.0,244.0,254.0,221.0,200.0,220.0,201.0,199.0,182.0,161.0,168.0,173.0,158.0,154.0,161.0,52.0,71.0,63.0,58.0,62.0,64.0,76.0,77.0,84.0,91.0,85.0,82.0,78.0,78.0,87.0,112.0,80.0,131.0,82.0,113.0,575.0,587.0,479.0,514.0,591.0,679.0,669.0,732.0,853.0,846.0,754.0,780.0,568.0,605.0,533.0,542.0,583.0,597.0,558.0,595.0,694.0,694.0,650.0,675.0
Pointe-Noire (97116),/management/ville/pointe-noire/ville-97121,6069.0,102.0,2797.0,2.2,1719.0,44.0,81.0,-37.0,2954.0,3153.0,884.0,844.0,814.0,1570.0,1269.0,626.0,737.0,473.0,509.0,839.0,463.0,249.0,117.0,51.0,2339.0,1784.0,290.0,426.0,346.0,39.0,51.0,25.0,26.0,7.0,5.0,23.0,16.0,56.0,22.0,34.0,4.0,5.0,30.0,17.0,7149.0,7115.0,7086.0,7056.0,7006.0,6957.0,6785.0,6594.0,6403.0,6280.0,6159.0,6107.0,6069.0,134.0,128.0,103.0,112.0,103.0,87.0,87.0,94.0,87.0,78.0,77.0,72.0,68.0,68.0,66.0,71.0,54.0,58.0,45.0,59.0,68.0,56.0,65.0,63.0,52.0,52.0,58.0,75.0,72.0,74.0,62.0,60.0,67.0,66.0,73.0,75.0,74.0,71.0,81.0,64.0,47.0,43.0,43.0,43.0,43.0,43.0,74.0,71.0,70.0,70.0,68.0,51.0,41.0,55.0,55.0,55.0,55.0,55.0,72.0,71.0,69.0,69.0,67.0,56.0
Bouillante (97125),/management/ville/bouillante/ville-97106,6935.0,160.0,3055.0,2.3,1865.0,49.0,83.0,-34.0,3266.0,3758.0,1188.0,1036.0,996.0,1795.0,1250.0,646.0,665.0,570.0,630.0,870.0,495.0,330.0,115.0,55.0,2626.0,1942.0,288.0,391.0,517.0,72.0,69.0,30.0,39.0,5.0,5.0,41.0,18.0,90.0,38.0,52.0,3.0,5.0,58.0,24.0,7511.0,7536.0,7556.0,7576.0,7545.0,7513.0,7481.0,7446.0,7412.0,7282.0,7153.0,7024.0,6935.0,122.0,124.0,134.0,109.0,118.0,108.0,100.0,117.0,96.0,125.0,97.0,85.0,92.0,86.0,108.0,82.0,66.0,66.0,55.0,52.0,47.0,44.0,49.0,70.0,54.0,46.0,55.0,52.0,51.0,60.0,74.0,64.0,56.0,65.0,38.0,72.0,73.0,72.0,74.0,78.0,51.0,51.0,51.0,51.0,52.0,53.0,53.0,53.0,53.0,71.0,70.0,69.0,56.0,56.0,56.0,56.0,63.0,63.0,64.0,64.0,64.0,93.0,91.0,90.0
Port-Louis (97117),/management/ville/port-louis/ville-97122,5635.0,127.0,2583.0,2.2,1555.0,70.0,59.0,11.0,2654.0,3050.0,1009.0,908.0,936.0,1308.0,1051.0,420.0,735.0,365.0,456.0,653.0,481.0,294.0,76.0,51.0,2376.0,1421.0,266.0,283.0,309.0,40.0,379.0,177.0,202.0,49.0,22.0,220.0,88.0,392.0,179.0,213.0,21.0,23.0,243.0,105.0,5481.0,5466.0,5451.0,5436.0,5440.0,5541.0,5646.0,5751.0,5795.0,5840.0,5772.0,5704.0,5635.0,82.0,89.0,84.0,72.0,68.0,59.0,79.0,90.0,72.0,81.0,68.0,74.0,58.0,59.0,67.0,81.0,51.0,63.0,62.0,64.0,43.0,46.0,52.0,36.0,52.0,38.0,46.0,47.0,45.0,52.0,53.0,59.0,49.0,50.0,41.0,63.0,48.0,61.0,56.0,67.0,76.0,76.0,76.0,76.0,77.0,113.0,97.0,97.0,97.0,97.0,384.0,379.0,94.0,94.0,94.0,94.0,97.0,120.0,110.0,112.0,112.0,113.0,396.0,392.0
Petit-Bourg (97170),/management/ville/petit-bourg/ville-97118,24522.0,189.0,10253.0,2.4,7000.0,313.0,155.0,158.0,11414.0,12863.0,5108.0,3785.0,4783.0,5711.0,3462.0,1243.0,2431.0,1913.0,2656.0,2781.0,2054.0,1509.0,452.0,205.0,7719.0,6807.0,1147.0,823.0,2307.0,366.0,824.0,360.0,464.0,204.0,41.0,393.0,186.0,881.0,347.0,534.0,25.0,51.0,527.0,278.0,21153.0,21283.0,22171.0,22499.0,23199.0,23729.0,23782.0,24039.0,23994.0,24086.0,24211.0,24277.0,24522.0,321.0,358.0,359.0,322.0,373.0,337.0,352.0,327.0,334.0,359.0,338.0,320.0,341.0,336.0,318.0,322.0,307.0,306.0,289.0,268.0,108.0,115.0,90.0,135.0,118.0,105.0,124.0,137.0,117.0,125.0,128.0,153.0,142.0,147.0,151.0,161.0,137.0,174.0,160.0,151.0,807.0,786.0,748.0,760.0,678.0,740.0,810.0,872.0,843.0,918.0,898.0,824.0,760.0,796.0,836.0,914.0,925.0,965.0,1016.0,996.0,940.0,924.0,925.0,881.0
Sainte-Rose (97115),/management/ville/sainte-rose/ville-97129,18650.0,157.0,8120.0,2.4,5492.0,216.0,160.0,56.0,8989.0,10173.0,3940.0,2979.0,3104.0,4634.0,3154.0,1186.0,2182.0,1444.0,1866.0,2170.0,1650.0,1124.0,395.0,153.0,6890.0,5204.0,905.0,833.0,1190.0,200.0,,,,,,,,,,,,,,,19989.0,19738.0,19587.0,20194.0,20155.0,20241.0,20379.0,20144.0,20060.0,19899.0,19468.0,19162.0,18650.0,322.0,332.0,329.0,275.0,307.0,305.0,368.0,349.0,345.0,298.0,312.0,262.0,251.0,283.0,254.0,240.0,236.0,208.0,179.0,181.0,85.0,91.0,97.0,107.0,103.0,104.0,117.0,123.0,117.0,128.0,116.0,131.0,120.0,121.0,143.0,147.0,126.0,134.0,121.0,140.0,,,,,,,,,,,,,,,,,,,,,,,,
Sainte-Anne (97180),/management/ville/sainte-anne/ville-97128,23767.0,296.0,10550.0,2.2,6613.0,281.0,204.0,77.0,11268.0,12407.0,4317.0,3694.0,3964.0,5782.0,4074.0,1574.0,2339.0,1945.0,2329.0,2887.0,1808.0,1314.0,468.0,137.0,8174.0,6776.0,1192.0,1054.0,1894.0,269.0,,,,,,,,,,,,,,,23073.0,23095.0,23457.0,23625.0,24192.0,24346.0,24712.0,24653.0,24665.0,24379.0,24245.0,23675.0,23767.0,323.0,181.0,370.0,319.0,340.0,370.0,405.0,330.0,369.0,313.0,322.0,294.0,322.0,295.0,309.0,267.0,250.0,261.0,241.0,239.0,138.0,100.0,91.0,134.0,140.0,132.0,161.0,152.0,141.0,134.0,143.0,150.0,142.0,184.0,175.0,198.0,162.0,172.0,167.0,191.0,,,,,,,,,,,,,,,,,,,,,,,,
Saint-Claude (97120),/management/ville/saint-claude/ville-97124,10659.0,311.0,4809.0,2.2,2917.0,78.0,81.0,-3.0,4668.0,5713.0,1787.0,1560.0,1591.0,2495.0,2062.0,747.0,912.0,1018.0,987.0,1382.0,752.0,608.0,147.0,28.0,3486.0,3146.0,545.0,536.0,685.0,196.0,334.0,156.0,178.0,79.0,13.0,192.0,50.0,394.0,166.0,228.0,5.0,18.0,262.0,109.0,10502.0,10548.0,10380.0,10624.0,10467.0,10505.0,10439.0,10443.0,10335.0,10299.0,10289.0,10381.0,10659.0,133.0,138.0,132.0,112.0,141.0,144.0,140.0,140.0,130.0,137.0,115.0,134.0,125.0,114.0,104.0,109.0,116.0,80.0,70.0,88.0,61.0,66.0,81.0,68.0,53.0,67.0,67.0,74.0,47.0,79.0,68.0,69.0,84.0,72.0,72.0,75.0,74.0,88.0,89.0,95.0,276.0,303.0,286.0,280.0,254.0,332.0,349.0,345.0,381.0,387.0,335.0,334.0,372.0,421.0,430.0,433.0,446.0,455.0,452.0,435.0,484.0,451.0,389.0,394.0
Saint-Louis (97134),/management/ville/saint-louis/ville-97126,2421.0,43.0,1193.0,2.1,633.0,28.0,35.0,-7.0,1214.0,1233.0,399.0,271.0,368.0,598.0,499.0,272.0,243.0,198.0,193.0,312.0,173.0,74.0,35.0,40.0,835.0,706.0,122.0,212.0,165.0,9.0,56.0,28.0,28.0,15.0,4.0,31.0,6.0,59.0,29.0,30.0,3.0,4.0,39.0,13.0,2833.0,2810.0,2788.0,2719.0,2650.0,2582.0,2535.0,2488.0,2483.0,2477.0,2472.0,2447.0,2421.0,41.0,45.0,32.0,34.0,40.0,30.0,29.0,34.0,23.0,24.0,22.0,20.0,22.0,29.0,25.0,17.0,19.0,25.0,21.0,20.0,29.0,40.0,28.0,30.0,33.0,32.0,34.0,36.0,30.0,36.0,39.0,27.0,38.0,21.0,40.0,50.0,37.0,42.0,26.0,38.0,60.0,60.0,60.0,42.0,40.0,40.0,40.0,39.0,56.0,56.0,56.0,56.0,60.0,60.0,60.0,47.0,46.0,45.0,45.0,43.0,59.0,59.0,59.0,59.0
Terre-de-Bas (97136),/management/ville/terre-de-bas/ville-97130,1011.0,149.0,434.0,2.4,326.0,2.0,17.0,-15.0,550.0,496.0,112.0,124.0,131.0,276.0,255.0,132.0,79.0,104.0,143.0,207.0,59.0,49.0,10.0,0.0,314.0,461.0,36.0,82.0,42.0,0.0,6.0,2.0,4.0,0.0,0.0,5.0,1.0,6.0,2.0,4.0,0.0,0.0,5.0,1.0,1030.0,1000.0,1031.0,1063.0,1095.0,1102.0,1109.0,1093.0,1076.0,1060.0,1053.0,1046.0,1011.0,7.0,15.0,6.0,8.0,13.0,10.0,10.0,13.0,5.0,8.0,8.0,2.0,3.0,5.0,5.0,1.0,3.0,1.0,2.0,4.0,13.0,10.0,11.0,11.0,11.0,9.0,11.0,9.0,12.0,9.0,9.0,13.0,9.0,16.0,11.0,9.0,10.0,16.0,17.0,17.0,3.0,3.0,3.0,3.0,3.0,3.0,3.0,6.0,6.0,6.0,6.0,6.0,3.0,3.0,3.0,3.0,3.0,3.0,3.0,6.0,6.0,6.0,6.0,6.0
Terre-de-Haut (97137),/management/ville/terre-de-haut/ville-97131,1526.0,254.0,675.0,2.3,435.0,10.0,17.0,-7.0,789.0,743.0,214.0,202.0,246.0,454.0,299.0,111.0,105.0,158.0,172.0,230.0,115.0,67.0,19.0,5.0,459.0,536.0,36.0,65.0,212.0,9.0,7.0,2.0,5.0,0.0,0.0,3.0,4.0,17.0,5.0,12.0,0.0,0.0,9.0,8.0,1838.0,1854.0,1831.0,1809.0,1787.0,1780.0,1773.0,1715.0,1658.0,1601.0,1566.0,1532.0,1526.0,19.0,30.0,20.0,21.0,18.0,25.0,19.0,17.0,16.0,17.0,13.0,12.0,11.0,16.0,8.0,13.0,13.0,6.0,11.0,7.0,9.0,6.0,8.0,10.0,9.0,12.0,10.0,15.0,14.0,14.0,9.0,17.0,10.0,13.0,15.0,10.0,6.0,16.0,15.0,22.0,15.0,15.0,4.0,4.0,4.0,4.0,4.0,7.0,7.0,7.0,7.0,7.0,24.0,24.0,13.0,13.0,13.0,13.0,13.0,17.0,17.0,17.0,17.0,17.0
Trois-Rivières (97114),/management/ville/trois-rivieres/ville-97132,7991.0,257.0,3466.0,2.3,2316.0,83.0,93.0,-10.0,3820.0,4304.0,1433.0,1130.0,1294.0,2054.0,1467.0,657.0,754.0,700.0,862.0,1175.0,524.0,416.0,147.0,54.0,2722.0,2370.0,370.0,411.0,762.0,55.0,234.0,113.0,121.0,68.0,12.0,109.0,45.0,225.0,110.0,115.0,4.0,13.0,139.0,69.0,8864.0,8884.0,8841.0,8798.0,8755.0,8735.0,8714.0,8578.0,8437.0,8297.0,8210.0,8124.0,7991.0,139.0,131.0,125.0,119.0,117.0,119.0,104.0,125.0,120.0,110.0,91.0,93.0,91.0,108.0,89.0,96.0,90.0,84.0,69.0,77.0,74.0,75.0,65.0,63.0,59.0,81.0,75.0,78.0,64.0,79.0,80.0,60.0,77.0,76.0,80.0,60.0,85.0,66.0,71.0,69.0,255.0,255.0,224.0,222.0,223.0,223.0,223.0,246.0,245.0,240.0,239.0,234.0,277.0,277.0,239.0,237.0,238.0,238.0,238.0,237.0,233.0,229.0,226.0,225.0
Vieux-Habitants (97119),/management/ville/vieux-habitants/ville-97134,7154.0,122.0,3266.0,2.2,2016.0,92.0,95.0,-3.0,3294.0,3916.0,1300.0,1122.0,888.0,1781.0,1339.0,666.0,852.0,575.0,590.0,978.0,423.0,423.0,151.0,40.0,2835.0,1849.0,299.0,407.0,469.0,51.0,237.0,99.0,138.0,62.0,19.0,109.0,47.0,233.0,93.0,140.0,4.0,24.0,145.0,60.0,7675.0,7684.0,7692.0,7697.0,7703.0,7617.0,7521.0,7425.0,7374.0,7324.0,7267.0,7210.0,7154.0,155.0,130.0,133.0,119.0,121.0,121.0,159.0,124.0,97.0,114.0,106.0,102.0,101.0,94.0,98.0,76.0,79.0,77.0,64.0,66.0,56.0,51.0,51.0,53.0,62.0,58.0,52.0,64.0,46.0,66.0,69.0,51.0,57.0,68.0,61.0,77.0,54.0,67.0,71.0,75.0,268.0,268.0,268.0,268.0,268.0,298.0,285.0,282.0,281.0,279.0,240.0,237.0,200.0,200.0,200.0,200.0,200.0,237.0,221.0,220.0,219.0,218.0,236.0,233.0
Vieux-Fort (97141),/management/ville/vieux-fort/ville-97133,1844.0,255.0,755.0,2.4,540.0,13.0,21.0,-8.0,889.0,956.0,324.0,290.0,290.0,467.0,313.0,144.0,225.0,140.0,175.0,260.0,160.0,75.0,35.0,10.0,663.0,509.0,86.0,101.0,128.0,34.0,14.0,5.0,9.0,2.0,0.0,11.0,1.0,23.0,8.0,15.0,2.0,2.0,15.0,4.0,1749.0,1770.0,1792.0,1815.0,1824.0,1834.0,1843.0,1858.0,1873.0,1864.0,1854.0,1845.0,1844.0,12.0,29.0,22.0,32.0,18.0,26.0,25.0,16.0,22.0,24.0,20.0,24.0,25.0,23.0,17.0,15.0,15.0,14.0,13.0,19.0,12.0,12.0,9.0,10.0,11.0,11.0,12.0,11.0,22.0,14.0,11.0,10.0,10.0,15.0,9.0,11.0,11.0,14.0,7.0,9.0,16.0,16.0,16.0,16.0,23.0,23.0,23.0,23.0,23.0,14.0,14.0,14.0,16.0,16.0,16.0,16.0,29.0,29.0,29.0,29.0,29.0,23.0,23.0,23.0
